3;"	Jump Line";4
12;"	Jump Line";3
3;"	Jump Line";2
14;"	Jump Line";2
5;"	Jump Line";2
1;"	Jump Line";5
9;"	Jump Line";1
6;"	Jump Line";11
7;"	Jump Line";6
8;"	Jump Line";7
14;"	Jump Line";10
14;"	Jump Line";8
42;"	Jump Line";8
30;"	Jump Line";14
31;"	Jump Line";30
20;"	Jump Line";31
18;"	Jump Line";20
22;"	Jump Line";18
28;"	Jump Line";22
29;"	Jump Line";20
23;"	Jump Line";29
23;"	Jump Line";64
24;"	Jump Line";23
15;"	Jump Line";24
15;"	Jump Line";24
25;"	Jump Line";15
17;"	Jump Line";25
21;"	Jump Line";17
17;"	Jump Line";14
16;"	Jump Line";23
26;"	Jump Line";16
16;"	Jump Line";27
27;"	Jump Line";13
112;"	Jump Line";32
120;"	Jump Line";37
37;"	Jump Line";24
46;"	Jump Line";37
33;"	Jump Line";37
34;"	Jump Line";37
32;"	Jump Line";37
41;"	Jump Line";33
42;"	Jump Line";41
41;"	Jump Line";39
44;"	Jump Line";34
47;"	Jump Line";44
250;"	Jump Line";47
36;"	Jump Line";34
244;"	Jump Line";36
40;"	Jump Line";36
35;"	Jump Line";40
43;"	Jump Line";35
38;"	Jump Line";35
45;"	Jump Line";40
48;"	Jump Line";45
49;"	Jump Line";45
50;"	Jump Line";48
52;"	Jump Line";48
51;"	Jump Line";49
0;"	Jump Line";49
60;"	Jump Line";63
63;"	Jump Line";54
54;"	Jump Line";59
59;"	Jump Line";71
76;"	Jump Line";71
53;"	Jump Line";66
72;"	Jump Line";66
57;"	Jump Line";66
119;"	Jump Line";66
91;"	Jump Line";68
88;"	Jump Line";61
91;"	Jump Line";67
53;"	Jump Line";73
114;"	Jump Line";64
64;"	Jump Line";73
74;"	Jump Line";73
55;"	Jump Line";72
62;"	Jump Line";72
70;"	Jump Line";72
118;"	Jump Line";72
112;"	Jump Line";70
121;"	Jump Line";70
61;"	Jump Line";74
55;"	Jump Line";57
62;"	Jump Line";55
67;"	Jump Line";55
62;"	Jump Line";58
69;"	Jump Line";58
69;"	Jump Line";75
118;"	Jump Line";75
114;"	Jump Line";56
67;"	Jump Line";65
114;"	Jump Line";67
68;"	Jump Line";76
112;"	Jump Line";120
121;"	Jump Line";120
111;"	Jump Line";120
118;"	Jump Line";121
113;"	Jump Line";121
116;"	Jump Line";121
116;"	Jump Line";114
113;"	Jump Line";114
110;"	Jump Line";114
102;"	Jump Line";114
102;"	Jump Line";122
115;"	Jump Line";110
117;"	Jump Line";110
109;"	Jump Line";110
285;"	Jump Line";113
80;"	Jump Line";91
86;"	Jump Line";91
86;"	Jump Line";87
77;"	Jump Line";87
77;"	Jump Line";92
89;"	Jump Line";92
132;"	Jump Line";92
131;"	Jump Line";89
132;"	Jump Line";83
83;"	Jump Line";79
85;"	Jump Line";79
129;"	Jump Line";79
133;"	Jump Line";82
176;"	Jump Line";82
82;"	Jump Line";79
89;"	Jump Line";81
81;"	Jump Line";78
90;"	Jump Line";78
86;"	Jump Line";90
85;"	Jump Line";86
84;"	Jump Line";86
104;"	Jump Line";86
103;"	Jump Line";86
103;"	Jump Line";88
94;"	Jump Line";88
84;"	Jump Line";88
85;"	Jump Line";80
93;"	Jump Line";90
94;"	Jump Line";102
104;"	Jump Line";102
103;"	Jump Line";102
109;"	Jump Line";102
95;"	Jump Line";102
101;"	Jump Line";103
106;"	Jump Line";103
107;"	Jump Line";103
109;"	Jump Line";103
99;"	Jump Line";103
96;"	Jump Line";104
100;"	Jump Line";104
95;"	Jump Line";98
97;"	Jump Line";98
95;"	Jump Line";98
97;"	Jump Line";98
109;"	Jump Line";105
108;"	Jump Line";105
107;"	Jump Line";105
306;"	Jump Line";105
303;"	Jump Line";95
124;"	Jump Line";131
130;"	Jump Line";131
132;"	Jump Line";131
127;"	Jump Line";131
129;"	Jump Line";132
133;"	Jump Line";132
125;"	Jump Line";132
133;"	Jump Line";125
123;"	Jump Line";125
134;"	Jump Line";125
126;"	Jump Line";127
123;"	Jump Line";127
128;"	Jump Line";123
135;"	Jump Line";134
176;"	Jump Line";133
174;"	Jump Line";133
166;"	Jump Line";134
179;"	Jump Line";134
172;"	Jump Line";135
149;"	Jump Line";135
145;"	Jump Line";123
138;"	Jump Line";127
141;"	Jump Line";145
149;"	Jump Line";145
143;"	Jump Line";145
137;"	Jump Line";149
148;"	Jump Line";149
137;"	Jump Line";136
147;"	Jump Line";136
146;"	Jump Line";147
146;"	Jump Line";147
139;"	Jump Line";147
142;"	Jump Line";147
143;"	Jump Line";144
139;"	Jump Line";144
182;"	Jump Line";144
157;"	Jump Line";140
164;"	Jump Line";139
164;"	Jump Line";136
162;"	Jump Line";149
192;"	Jump Line";182
182;"	Jump Line";188
189;"	Jump Line";188
190;"	Jump Line";188
185;"	Jump Line";188
193;"	Jump Line";194
186;"	Jump Line";194
187;"	Jump Line";194
195;"	Jump Line";183
184;"	Jump Line";183
186;"	Jump Line";185
223;"	Jump Line";185
223;"	Jump Line";186
187;"	Jump Line";186
219;"	Jump Line";187
191;"	Jump Line";201
195;"	Jump Line";201
187;"	Jump Line";201
191;"	Jump Line";196
196;"	Jump Line";198
201;"	Jump Line";198
200;"	Jump Line";198
197;"	Jump Line";198
203;"	Jump Line";198
203;"	Jump Line";201
197;"	Jump Line";200
204;"	Jump Line";200
202;"	Jump Line";199
203;"	Jump Line";204
202;"	Jump Line";204
207;"	Jump Line";204
211;"	Jump Line";204
219;"	Jump Line";214
211;"	Jump Line";214
215;"	Jump Line";214
208;"	Jump Line";214
206;"	Jump Line";214
212;"	Jump Line";211
207;"	Jump Line";211
213;"	Jump Line";211
213;"	Jump Line";215
209;"	Jump Line";215
208;"	Jump Line";215
209;"	Jump Line";210
206;"	Jump Line";218
217;"	Jump Line";218
208;"	Jump Line";218
219;"	Jump Line";220
206;"	Jump Line";220
216;"	Jump Line";220
205;"	Jump Line";220
226;"	Jump Line";220
222;"	Jump Line";220
225;"	Jump Line";226
227;"	Jump Line";226
221;"	Jump Line";226
228;"	Jump Line";222
231;"	Jump Line";222
232;"	Jump Line";222
231;"	Jump Line";232
230;"	Jump Line";232
224;"	Jump Line";232
231;"	Jump Line";230
229;"	Jump Line";230
227;"	Jump Line";224
223;"	Jump Line";224
223;"	Jump Line";157
221;"	Jump Line";159
229;"	Jump Line";159
221;"	Jump Line";161
229;"	Jump Line";153
163;"	Jump Line";161
159;"	Jump Line";150
152;"	Jump Line";150
164;"	Jump Line";151
162;"	Jump Line";151
161;"	Jump Line";151
162;"	Jump Line";157
164;"	Jump Line";157
162;"	Jump Line";160
158;"	Jump Line";160
156;"	Jump Line";158
155;"	Jump Line";158
156;"	Jump Line";161
156;"	Jump Line";155
154;"	Jump Line";155
162;"	Jump Line";166
160;"	Jump Line";172
158;"	Jump Line";173
172;"	Jump Line";173
169;"	Jump Line";173
174;"	Jump Line";166
168;"	Jump Line";166
175;"	Jump Line";166
177;"	Jump Line";176
175;"	Jump Line";176
177;"	Jump Line";180
175;"	Jump Line";180
165;"	Jump Line";180
175;"	Jump Line";178
169;"	Jump Line";178
170;"	Jump Line";178
167;"	Jump Line";178
165;"	Jump Line";178
167;"	Jump Line";168
171;"	Jump Line";170
181;"	Jump Line";169
359;"	Jump Line";169
349;"	Jump Line";175
359;"	Jump Line";160
379;"	Jump Line";163
434;"	Jump Line";230
426;"	Jump Line";230
425;"	Jump Line";205
438;"	Jump Line";205
444;"	Jump Line";205
451;"	Jump Line";208
443;"	Jump Line";233
454;"	Jump Line";233
449;"	Jump Line";490
490;"	Jump Line";491
492;"	Jump Line";491
492;"	Jump Line";493
494;"	Jump Line";493
494;"	Jump Line";495
498;"	Jump Line";495
498;"	Jump Line";497
496;"	Jump Line";497
496;"	Jump Line";507
508;"	Jump Line";507
508;"	Jump Line";509
510;"	Jump Line";509
510;"	Jump Line";511
512;"	Jump Line";511
512;"	Jump Line";500
501;"	Jump Line";500
501;"	Jump Line";502
503;"	Jump Line";502
504;"	Jump Line";502
504;"	Jump Line";505
506;"	Jump Line";505
506;"	Jump Line";499
503;"	Jump Line";513
514;"	Jump Line";513
514;"	Jump Line";515
728;"	Jump Line";515
810;"	Jump Line";798
807;"	Jump Line";798
808;"	Jump Line";798
809;"	Jump Line";798
804;"	Jump Line";798
797;"	Jump Line";798
803;"	Jump Line";798
802;"	Jump Line";798
799;"	Jump Line";798
805;"	Jump Line";798
796;"	Jump Line";798
791;"	Jump Line";798
796;"	Jump Line";799
791;"	Jump Line";799
805;"	Jump Line";799
800;"	Jump Line";799
802;"	Jump Line";799
803;"	Jump Line";799
797;"	Jump Line";799
804;"	Jump Line";799
809;"	Jump Line";799
613;"	Jump Line";799
801;"	Jump Line";800
800;"	Jump Line";782
801;"	Jump Line";782
791;"	Jump Line";782
808;"	Jump Line";807
760;"	Jump Line";807
810;"	Jump Line";810
806;"	Jump Line";810
811;"	Jump Line";764
765;"	Jump Line";764
768;"	Jump Line";764
772;"	Jump Line";764
762;"	Jump Line";765
766;"	Jump Line";765
766;"	Jump Line";760
770;"	Jump Line";760
774;"	Jump Line";760
773;"	Jump Line";760
766;"	Jump Line";768
770;"	Jump Line";768
763;"	Jump Line";768
763;"	Jump Line";769
774;"	Jump Line";769
771;"	Jump Line";769
632;"	Jump Line";769
630;"	Jump Line";769
629;"	Jump Line";761
630;"	Jump Line";774
761;"	Jump Line";774
773;"	Jump Line";774
646;"	Jump Line";774
766;"	Jump Line";773
761;"	Jump Line";773
775;"	Jump Line";773
771;"	Jump Line";775
767;"	Jump Line";775
772;"	Jump Line";767
767;"	Jump Line";796
760;"	Jump Line";796
762;"	Jump Line";796
805;"	Jump Line";796
795;"	Jump Line";796
793;"	Jump Line";796
777;"	Jump Line";796
791;"	Jump Line";796
790;"	Jump Line";796
789;"	Jump Line";796
776;"	Jump Line";796
781;"	Jump Line";796
783;"	Jump Line";796
792;"	Jump Line";796
779;"	Jump Line";796
787;"	Jump Line";796
610;"	Jump Line";796
616;"	Jump Line";796
700;"	Jump Line";796
706;"	Jump Line";796
695;"	Jump Line";796
783;"	Jump Line";792
773;"	Jump Line";792
762;"	Jump Line";795
793;"	Jump Line";795
793;"	Jump Line";777
776;"	Jump Line";777
776;"	Jump Line";781
790;"	Jump Line";781
790;"	Jump Line";789
788;"	Jump Line";789
786;"	Jump Line";788
787;"	Jump Line";788
786;"	Jump Line";785
779;"	Jump Line";785
784;"	Jump Line";785
779;"	Jump Line";794
784;"	Jump Line";794
778;"	Jump Line";794
775;"	Jump Line";794
779;"	Jump Line";780
796;"	Jump Line";780
796;"	Jump Line";778
608;"	Jump Line";443
451;"	Jump Line";443
448;"	Jump Line";443
451;"	Jump Line";444
440;"	Jump Line";444
442;"	Jump Line";444
446;"	Jump Line";444
446;"	Jump Line";445
446;"	Jump Line";447
456;"	Jump Line";447
454;"	Jump Line";441
453;"	Jump Line";441
457;"	Jump Line";448
449;"	Jump Line";441
450;"	Jump Line";439
466;"	Jump Line";439
485;"	Jump Line";439
438;"	Jump Line";439
422;"	Jump Line";439
423;"	Jump Line";439
424;"	Jump Line";439
386;"	Jump Line";439
355;"	Jump Line";439
466;"	Jump Line";450
441;"	Jump Line";439
456;"	Jump Line";457
462;"	Jump Line";461
458;"	Jump Line";452
462;"	Jump Line";457
462;"	Jump Line";452
465;"	Jump Line";452
453;"	Jump Line";452
456;"	Jump Line";453
465;"	Jump Line";453
455;"	Jump Line";453
454;"	Jump Line";463
464;"	Jump Line";463
459;"	Jump Line";455
465;"	Jump Line";460
721;"	Jump Line";460
728;"	Jump Line";465
722;"	Jump Line";465
463;"	Jump Line";475
464;"	Jump Line";475
455;"	Jump Line";486
464;"	Jump Line";485
423;"	Jump Line";374
439;"	Jump Line";374
437;"	Jump Line";374
430;"	Jump Line";377
368;"	Jump Line";377
438;"	Jump Line";425
425;"	Jump Line";426
422;"	Jump Line";426
435;"	Jump Line";426
436;"	Jump Line";426
437;"	Jump Line";426
428;"	Jump Line";426
428;"	Jump Line";434
374;"	Jump Line";434
428;"	Jump Line";430
432;"	Jump Line";430
431;"	Jump Line";436
423;"	Jump Line";436
429;"	Jump Line";437
427;"	Jump Line";437
471;"	Jump Line";437
433;"	Jump Line";421
423;"	Jump Line";421
437;"	Jump Line";421
433;"	Jump Line";481
433;"	Jump Line";482
481;"	Jump Line";482
485;"	Jump Line";469
433;"	Jump Line";469
471;"	Jump Line";469
482;"	Jump Line";471
477;"	Jump Line";471
386;"	Jump Line";482
424;"	Jump Line";386
470;"	Jump Line";397
470;"	Jump Line";384
472;"	Jump Line";387
476;"	Jump Line";385
473;"	Jump Line";393
471;"	Jump Line";470
468;"	Jump Line";470
473;"	Jump Line";470
376;"	Jump Line";471
469;"	Jump Line";474
488;"	Jump Line";474
470;"	Jump Line";474
473;"	Jump Line";474
489;"	Jump Line";474
480;"	Jump Line";474
478;"	Jump Line";485
487;"	Jump Line";475
486;"	Jump Line";475
486;"	Jump Line";480
479;"	Jump Line";480
489;"	Jump Line";483
479;"	Jump Line";483
467;"	Jump Line";473
479;"	Jump Line";473
476;"	Jump Line";472
476;"	Jump Line";467
479;"	Jump Line";467
437;"	Jump Line";432
467;"	Jump Line";713
484;"	Jump Line";713
480;"	Jump Line";711
486;"	Jump Line";711
722;"	Jump Line";726
727;"	Jump Line";726
723;"	Jump Line";725
726;"	Jump Line";725
727;"	Jump Line";725
728;"	Jump Line";725
724;"	Jump Line";725
721;"	Jump Line";728
711;"	Jump Line";728
717;"	Jump Line";728
714;"	Jump Line";729
730;"	Jump Line";729
725;"	Jump Line";736
727;"	Jump Line";736
736;"	Jump Line";739
740;"	Jump Line";739
743;"	Jump Line";739
735;"	Jump Line";730
757;"	Jump Line";730
757;"	Jump Line";743
747;"	Jump Line";732
753;"	Jump Line";732
743;"	Jump Line";732
733;"	Jump Line";732
734;"	Jump Line";733
731;"	Jump Line";733
742;"	Jump Line";733
741;"	Jump Line";733
734;"	Jump Line";731
738;"	Jump Line";731
738;"	Jump Line";737
712;"	Jump Line";392
753;"	Jump Line";757
752;"	Jump Line";757
748;"	Jump Line";757
717;"	Jump Line";757
718;"	Jump Line";748
719;"	Jump Line";748
749;"	Jump Line";748
750;"	Jump Line";748
754;"	Jump Line";758
753;"	Jump Line";747
746;"	Jump Line";747
745;"	Jump Line";746
752;"	Jump Line";746
751;"	Jump Line";756
755;"	Jump Line";756
754;"	Jump Line";756
759;"	Jump Line";756
758;"	Jump Line";759
744;"	Jump Line";750
752;"	Jump Line";750
714;"	Jump Line";711
719;"	Jump Line";711
715;"	Jump Line";711
713;"	Jump Line";713
715;"	Jump Line";713
712;"	Jump Line";713
712;"	Jump Line";710
716;"	Jump Line";710
720;"	Jump Line";710
719;"	Jump Line";710
712;"	Jump Line";661
712;"	Jump Line";656
710;"	Jump Line";656
758;"	Jump Line";656
750;"	Jump Line";684
750;"	Jump Line";674
759;"	Jump Line";677
754;"	Jump Line";677
357;"	Jump Line";349
360;"	Jump Line";349
365;"	Jump Line";349
358;"	Jump Line";349
350;"	Jump Line";360
354;"	Jump Line";365
414;"	Jump Line";365
302;"	Jump Line";365
315;"	Jump Line";352
358;"	Jump Line";352
353;"	Jump Line";352
414;"	Jump Line";352
359;"	Jump Line";364
356;"	Jump Line";364
363;"	Jump Line";364
359;"	Jump Line";361
354;"	Jump Line";361
351;"	Jump Line";361
369;"	Jump Line";361
367;"	Jump Line";361
372;"	Jump Line";361
370;"	Jump Line";361
389;"	Jump Line";361
395;"	Jump Line";361
369;"	Jump Line";379
374;"	Jump Line";379
373;"	Jump Line";379
369;"	Jump Line";373
370;"	Jump Line";373
371;"	Jump Line";379
399;"	Jump Line";379
655;"	Jump Line";379
367;"	Jump Line";374
366;"	Jump Line";374
403;"	Jump Line";374
395;"	Jump Line";373
383;"	Jump Line";373
389;"	Jump Line";373
378;"	Jump Line";372
370;"	Jump Line";372
354;"	Jump Line";372
353;"	Jump Line";372
353;"	Jump Line";370
359;"	Jump Line";370
351;"	Jump Line";370
363;"	Jump Line";370
414;"	Jump Line";370
383;"	Jump Line";370
378;"	Jump Line";376
366;"	Jump Line";376
389;"	Jump Line";376
397;"	Jump Line";376
386;"	Jump Line";374
386;"	Jump Line";371
398;"	Jump Line";371
375;"	Jump Line";371
366;"	Jump Line";371
672;"	Jump Line";371
363;"	Jump Line";380
375;"	Jump Line";380
398;"	Jump Line";381
386;"	Jump Line";381
363;"	Jump Line";366
390;"	Jump Line";366
393;"	Jump Line";366
363;"	Jump Line";354
395;"	Jump Line";354
411;"	Jump Line";354
351;"	Jump Line";353
410;"	Jump Line";353
411;"	Jump Line";353
641;"	Jump Line";353
411;"	Jump Line";351
399;"	Jump Line";351
355;"	Jump Line";362
363;"	Jump Line";362
403;"	Jump Line";362
412;"	Jump Line";362
410;"	Jump Line";362
312;"	Jump Line";362
311;"	Jump Line";362
411;"	Jump Line";363
410;"	Jump Line";411
409;"	Jump Line";411
414;"	Jump Line";411
406;"	Jump Line";411
403;"	Jump Line";411
398;"	Jump Line";411
395;"	Jump Line";411
396;"	Jump Line";411
418;"	Jump Line";411
309;"	Jump Line";411
412;"	Jump Line";410
409;"	Jump Line";410
414;"	Jump Line";410
395;"	Jump Line";389
386;"	Jump Line";389
398;"	Jump Line";389
414;"	Jump Line";398
408;"	Jump Line";398
395;"	Jump Line";398
391;"	Jump Line";383
414;"	Jump Line";383
393;"	Jump Line";397
385;"	Jump Line";397
659;"	Jump Line";397
659;"	Jump Line";385
661;"	Jump Line";385
657;"	Jump Line";392
658;"	Jump Line";396
653;"	Jump Line";382
653;"	Jump Line";390
639;"	Jump Line";408
653;"	Jump Line";408
653;"	Jump Line";405
643;"	Jump Line";402
643;"	Jump Line";405
643;"	Jump Line";420
647;"	Jump Line";420
647;"	Jump Line";419
643;"	Jump Line";403
596;"	Jump Line";401
316;"	Jump Line";415
327;"	Jump Line";412
393;"	Jump Line";388
387;"	Jump Line";388
399;"	Jump Line";388
391;"	Jump Line";399
394;"	Jump Line";399
385;"	Jump Line";399
382;"	Jump Line";394
390;"	Jump Line";394
396;"	Jump Line";394
403;"	Jump Line";390
405;"	Jump Line";396
418;"	Jump Line";395
393;"	Jump Line";390
413;"	Jump Line";399
405;"	Jump Line";408
402;"	Jump Line";408
408;"	Jump Line";420
405;"	Jump Line";402
403;"	Jump Line";402
407;"	Jump Line";418
417;"	Jump Line";418
413;"	Jump Line";417
419;"	Jump Line";417
413;"	Jump Line";416
420;"	Jump Line";416
404;"	Jump Line";416
415;"	Jump Line";404
419;"	Jump Line";401
400;"	Jump Line";401
403;"	Jump Line";401
412;"	Jump Line";406
400;"	Jump Line";406
420;"	Jump Line";412
588;"	Jump Line";647
588;"	Jump Line";645
597;"	Jump Line";647
586;"	Jump Line";645
596;"	Jump Line";638
614;"	Jump Line";689
586;"	Jump Line";687
616;"	Jump Line";706
606;"	Jump Line";700
605;"	Jump Line";700
602;"	Jump Line";700
609;"	Jump Line";705
614;"	Jump Line";705
602;"	Jump Line";701
602;"	Jump Line";686
602;"	Jump Line";699
606;"	Jump Line";695
706;"	Jump Line";695
691;"	Jump Line";695
700;"	Jump Line";696
705;"	Jump Line";696
694;"	Jump Line";696
699;"	Jump Line";696
690;"	Jump Line";696
702;"	Jump Line";690
692;"	Jump Line";690
688;"	Jump Line";690
675;"	Jump Line";690
673;"	Jump Line";690
673;"	Jump Line";691
686;"	Jump Line";691
686;"	Jump Line";692
699;"	Jump Line";692
704;"	Jump Line";692
703;"	Jump Line";692
705;"	Jump Line";708
693;"	Jump Line";708
687;"	Jump Line";693
697;"	Jump Line";693
638;"	Jump Line";693
640;"	Jump Line";693
701;"	Jump Line";707
697;"	Jump Line";707
703;"	Jump Line";707
701;"	Jump Line";697
709;"	Jump Line";703
698;"	Jump Line";703
697;"	Jump Line";84
688;"	Jump Line";84
679;"	Jump Line";84
655;"	Jump Line";84
671;"	Jump Line";688
648;"	Jump Line";689
597;"	Jump Line";648
686;"	Jump Line";640
698;"	Jump Line";651
680;"	Jump Line";636
671;"	Jump Line";646
660;"	Jump Line";646
662;"	Jump Line";646
658;"	Jump Line";653
662;"	Jump Line";653
655;"	Jump Line";641
645;"	Jump Line";641
640;"	Jump Line";641
651;"	Jump Line";641
638;"	Jump Line";645
640;"	Jump Line";645
643;"	Jump Line";652
643;"	Jump Line";652
647;"	Jump Line";653
642;"	Jump Line";653
640;"	Jump Line";639
637;"	Jump Line";639
641;"	Jump Line";637
649;"	Jump Line";637
636;"	Jump Line";637
648;"	Jump Line";646
640;"	Jump Line";651
650;"	Jump Line";651
685;"	Jump Line";677
673;"	Jump Line";677
678;"	Jump Line";677
674;"	Jump Line";677
672;"	Jump Line";678
676;"	Jump Line";674
679;"	Jump Line";674
656;"	Jump Line";674
669;"	Jump Line";674
683;"	Jump Line";684
676;"	Jump Line";684
681;"	Jump Line";679
673;"	Jump Line";679
682;"	Jump Line";680
671;"	Jump Line";680
671;"	Jump Line";669
667;"	Jump Line";669
662;"	Jump Line";669
661;"	Jump Line";669
656;"	Jump Line";669
663;"	Jump Line";660
666;"	Jump Line";660
658;"	Jump Line";660
662;"	Jump Line";667
671;"	Jump Line";667
666;"	Jump Line";664
665;"	Jump Line";664
655;"	Jump Line";661
666;"	Jump Line";661
662;"	Jump Line";659
658;"	Jump Line";659
658;"	Jump Line";670
654;"	Jump Line";670
654;"	Jump Line";668
552;"	Jump Line";625
551;"	Jump Line";621
538;"	Jump Line";578
532;"	Jump Line";578
331;"	Jump Line";579
344;"	Jump Line";587
324;"	Jump Line";587
324;"	Jump Line";599
319;"	Jump Line";599
527;"	Jump Line";261
538;"	Jump Line";261
538;"	Jump Line";274
563;"	Jump Line";557
558;"	Jump Line";557
562;"	Jump Line";558
559;"	Jump Line";558
561;"	Jump Line";558
561;"	Jump Line";560
564;"	Jump Line";560
555;"	Jump Line";560
555;"	Jump Line";564
555;"	Jump Line";540
554;"	Jump Line";540
548;"	Jump Line";540
547;"	Jump Line";548
553;"	Jump Line";548
551;"	Jump Line";543
546;"	Jump Line";543
550;"	Jump Line";543
545;"	Jump Line";543
548;"	Jump Line";543
554;"	Jump Line";556
549;"	Jump Line";556
544;"	Jump Line";556
544;"	Jump Line";542
541;"	Jump Line";542
539;"	Jump Line";542
549;"	Jump Line";542
521;"	Jump Line";518
516;"	Jump Line";518
517;"	Jump Line";518
520;"	Jump Line";519
516;"	Jump Line";519
517;"	Jump Line";519
517;"	Jump Line";525
554;"	Jump Line";525
539;"	Jump Line";530
552;"	Jump Line";530
523;"	Jump Line";530
526;"	Jump Line";525
528;"	Jump Line";525
526;"	Jump Line";528
533;"	Jump Line";528
534;"	Jump Line";528
533;"	Jump Line";531
534;"	Jump Line";531
529;"	Jump Line";531
535;"	Jump Line";524
534;"	Jump Line";524
522;"	Jump Line";524
537;"	Jump Line";529
527;"	Jump Line";529
536;"	Jump Line";529
536;"	Jump Line";527
537;"	Jump Line";527
535;"	Jump Line";527
573;"	Jump Line";579
578;"	Jump Line";579
575;"	Jump Line";579
577;"	Jump Line";579
572;"	Jump Line";577
576;"	Jump Line";577
590;"	Jump Line";576
571;"	Jump Line";566
581;"	Jump Line";566
574;"	Jump Line";566
565;"	Jump Line";574
568;"	Jump Line";574
581;"	Jump Line";574
568;"	Jump Line";583
567;"	Jump Line";583
622;"	Jump Line";583
622;"	Jump Line";581
608;"	Jump Line";581
618;"	Jump Line";581
569;"	Jump Line";581
580;"	Jump Line";582
591;"	Jump Line";582
587;"	Jump Line";591
599;"	Jump Line";591
585;"	Jump Line";591
595;"	Jump Line";591
618;"	Jump Line";591
615;"	Jump Line";591
601;"	Jump Line";587
614;"	Jump Line";587
585;"	Jump Line";587
569;"	Jump Line";587
571;"	Jump Line";592
593;"	Jump Line";592
599;"	Jump Line";592
589;"	Jump Line";599
588;"	Jump Line";599
596;"	Jump Line";599
597;"	Jump Line";599
596;"	Jump Line";597
614;"	Jump Line";597
612;"	Jump Line";596
585;"	Jump Line";596
590;"	Jump Line";594
586;"	Jump Line";594
612;"	Jump Line";585
603;"	Jump Line";595
602;"	Jump Line";595
598;"	Jump Line";595
584;"	Jump Line";608
612;"	Jump Line";608
602;"	Jump Line";608
603;"	Jump Line";608
601;"	Jump Line";608
618;"	Jump Line";608
612;"	Jump Line";602
601;"	Jump Line";602
603;"	Jump Line";602
610;"	Jump Line";602
601;"	Jump Line";603
607;"	Jump Line";603
606;"	Jump Line";605
607;"	Jump Line";605
606;"	Jump Line";609
614;"	Jump Line";609
617;"	Jump Line";609
604;"	Jump Line";609
611;"	Jump Line";609
601;"	Jump Line";617
616;"	Jump Line";606
611;"	Jump Line";606
601;"	Jump Line";606
616;"	Jump Line";611
613;"	Jump Line";611
604;"	Jump Line";600
613;"	Jump Line";600
601;"	Jump Line";600
615;"	Jump Line";601
620;"	Jump Line";601
626;"	Jump Line";601
619;"	Jump Line";601
630;"	Jump Line";601
615;"	Jump Line";620
570;"	Jump Line";620
618;"	Jump Line";620
613;"	Jump Line";630
613;"	Jump Line";635
630;"	Jump Line";635
630;"	Jump Line";629
631;"	Jump Line";629
622;"	Jump Line";629
623;"	Jump Line";629
634;"	Jump Line";626
621;"	Jump Line";626
629;"	Jump Line";626
628;"	Jump Line";633
632;"	Jump Line";633
627;"	Jump Line";621
632;"	Jump Line";621
625;"	Jump Line";622
624;"	Jump Line";622
621;"	Jump Line";622
243;"	Jump Line";294
268;"	Jump Line";343
265;"	Jump Line";345
325;"	Jump Line";316
328;"	Jump Line";316
319;"	Jump Line";316
327;"	Jump Line";316
317;"	Jump Line";319
322;"	Jump Line";319
324;"	Jump Line";322
323;"	Jump Line";322
320;"	Jump Line";324
321;"	Jump Line";324
329;"	Jump Line";324
321;"	Jump Line";326
318;"	Jump Line";326
318;"	Jump Line";321
327;"	Jump Line";321
330;"	Jump Line";321
329;"	Jump Line";321
327;"	Jump Line";311
330;"	Jump Line";311
312;"	Jump Line";311
327;"	Jump Line";315
311;"	Jump Line";315
329;"	Jump Line";312
341;"	Jump Line";312
286;"	Jump Line";312
291;"	Jump Line";312
300;"	Jump Line";344
330;"	Jump Line";344
323;"	Jump Line";344
312;"	Jump Line";300
309;"	Jump Line";300
321;"	Jump Line";309
315;"	Jump Line";306
304;"	Jump Line";306
304;"	Jump Line";301
315;"	Jump Line";301
306;"	Jump Line";307
308;"	Jump Line";307
314;"	Jump Line";303
304;"	Jump Line";303
285;"	Jump Line";303
313;"	Jump Line";304
304;"	Jump Line";310
305;"	Jump Line";310
289;"	Jump Line";310
285;"	Jump Line";310
297;"	Jump Line";310
287;"	Jump Line";285
290;"	Jump Line";285
296;"	Jump Line";285
299;"	Jump Line";285
297;"	Jump Line";285
292;"	Jump Line";294
293;"	Jump Line";294
290;"	Jump Line";294
295;"	Jump Line";290
290;"	Jump Line";298
297;"	Jump Line";298
299;"	Jump Line";298
288;"	Jump Line";297
299;"	Jump Line";297
339;"	Jump Line";299
341;"	Jump Line";299
348;"	Jump Line";299
338;"	Jump Line";286
343;"	Jump Line";286
343;"	Jump Line";295
298;"	Jump Line";286
295;"	Jump Line";286
337;"	Jump Line";343
338;"	Jump Line";343
333;"	Jump Line";343
333;"	Jump Line";343
338;"	Jump Line";333
335;"	Jump Line";333
348;"	Jump Line";333
340;"	Jump Line";333
331;"	Jump Line";333
339;"	Jump Line";341
348;"	Jump Line";341
348;"	Jump Line";344
344;"	Jump Line";332
346;"	Jump Line";332
342;"	Jump Line";332
336;"	Jump Line";332
340;"	Jump Line";332
340;"	Jump Line";331
334;"	Jump Line";331
347;"	Jump Line";331
345;"	Jump Line";331
345;"	Jump Line";347
277;"	Jump Line";261
266;"	Jump Line";261
277;"	Jump Line";266
274;"	Jump Line";263
275;"	Jump Line";263
267;"	Jump Line";263
259;"	Jump Line";263
265;"	Jump Line";267
264;"	Jump Line";267
269;"	Jump Line";267
270;"	Jump Line";267
255;"	Jump Line";267
247;"	Jump Line";268
259;"	Jump Line";270
272;"	Jump Line";270
273;"	Jump Line";270
276;"	Jump Line";270
266;"	Jump Line";260
262;"	Jump Line";260
258;"	Jump Line";260
283;"	Jump Line";260
278;"	Jump Line";260
279;"	Jump Line";260
258;"	Jump Line";283
281;"	Jump Line";283
278;"	Jump Line";283
284;"	Jump Line";278
282;"	Jump Line";278
279;"	Jump Line";278
282;"	Jump Line";279
276;"	Jump Line";271
280;"	Jump Line";271
246;"	Jump Line";273
243;"	Jump Line";255
257;"	Jump Line";255
254;"	Jump Line";255
248;"	Jump Line";253
250;"	Jump Line";293
250;"	Jump Line";253
250;"	Jump Line";244
242;"	Jump Line";244
253;"	Jump Line";244
255;"	Jump Line";251
256;"	Jump Line";251
252;"	Jump Line";251
249;"	Jump Line";252
254;"	Jump Line";252
245;"	Jump Line";254
254;"	Jump Line";234
246;"	Jump Line";234
254;"	Jump Line";241
280;"	Jump Line";234
280;"	Jump Line";235
240;"	Jump Line";235
234;"	Jump Line";235
241;"	Jump Line";236
234;"	Jump Line";236
237;"	Jump Line";236
238;"	Jump Line";237
239;"	Jump Line";237
796;"	Pulsar Jump Line";806
373;"	Pulsar Jump Line";410
410;"	Scylla Jump Line";312
4;"	Jump Line";3
3;"	Jump Line";12
2;"	Jump Line";3
2;"	Jump Line";14
2;"	Jump Line";5
5;"	Jump Line";1
1;"	Jump Line";9
11;"	Jump Line";6
6;"	Jump Line";7
7;"	Jump Line";8
10;"	Jump Line";14
8;"	Jump Line";14
8;"	Jump Line";42
14;"	Jump Line";30
30;"	Jump Line";31
31;"	Jump Line";20
20;"	Jump Line";18
18;"	Jump Line";22
22;"	Jump Line";28
20;"	Jump Line";29
29;"	Jump Line";23
64;"	Jump Line";23
23;"	Jump Line";24
24;"	Jump Line";15
24;"	Jump Line";15
15;"	Jump Line";25
25;"	Jump Line";17
17;"	Jump Line";21
14;"	Jump Line";17
23;"	Jump Line";16
16;"	Jump Line";26
27;"	Jump Line";16
13;"	Jump Line";27
32;"	Jump Line";112
37;"	Jump Line";120
24;"	Jump Line";37
37;"	Jump Line";46
37;"	Jump Line";33
37;"	Jump Line";34
37;"	Jump Line";32
33;"	Jump Line";41
41;"	Jump Line";42
39;"	Jump Line";41
34;"	Jump Line";44
44;"	Jump Line";47
47;"	Jump Line";250
34;"	Jump Line";36
36;"	Jump Line";244
36;"	Jump Line";40
40;"	Jump Line";35
35;"	Jump Line";43
35;"	Jump Line";38
40;"	Jump Line";45
45;"	Jump Line";48
45;"	Jump Line";49
48;"	Jump Line";50
48;"	Jump Line";52
49;"	Jump Line";51
49;"	Jump Line";0
63;"	Jump Line";60
54;"	Jump Line";63
59;"	Jump Line";54
71;"	Jump Line";59
71;"	Jump Line";76
66;"	Jump Line";53
66;"	Jump Line";72
66;"	Jump Line";57
66;"	Jump Line";119
68;"	Jump Line";91
61;"	Jump Line";88
67;"	Jump Line";91
73;"	Jump Line";53
64;"	Jump Line";114
73;"	Jump Line";64
73;"	Jump Line";74
72;"	Jump Line";55
72;"	Jump Line";62
72;"	Jump Line";70
72;"	Jump Line";118
70;"	Jump Line";112
70;"	Jump Line";121
74;"	Jump Line";61
57;"	Jump Line";55
55;"	Jump Line";62
55;"	Jump Line";67
58;"	Jump Line";62
58;"	Jump Line";69
75;"	Jump Line";69
75;"	Jump Line";118
56;"	Jump Line";114
65;"	Jump Line";67
67;"	Jump Line";114
76;"	Jump Line";68
120;"	Jump Line";112
120;"	Jump Line";121
120;"	Jump Line";111
121;"	Jump Line";118
121;"	Jump Line";113
121;"	Jump Line";116
114;"	Jump Line";116
114;"	Jump Line";113
114;"	Jump Line";110
114;"	Jump Line";102
122;"	Jump Line";102
110;"	Jump Line";115
110;"	Jump Line";117
110;"	Jump Line";109
113;"	Jump Line";285
91;"	Jump Line";80
91;"	Jump Line";86
87;"	Jump Line";86
87;"	Jump Line";77
92;"	Jump Line";77
92;"	Jump Line";89
92;"	Jump Line";132
89;"	Jump Line";131
83;"	Jump Line";132
79;"	Jump Line";83
79;"	Jump Line";85
79;"	Jump Line";129
82;"	Jump Line";133
82;"	Jump Line";176
79;"	Jump Line";82
81;"	Jump Line";89
78;"	Jump Line";81
78;"	Jump Line";90
90;"	Jump Line";86
86;"	Jump Line";85
86;"	Jump Line";84
86;"	Jump Line";104
86;"	Jump Line";103
88;"	Jump Line";103
88;"	Jump Line";94
88;"	Jump Line";84
80;"	Jump Line";85
90;"	Jump Line";93
102;"	Jump Line";94
102;"	Jump Line";104
102;"	Jump Line";103
102;"	Jump Line";109
102;"	Jump Line";95
103;"	Jump Line";101
103;"	Jump Line";106
103;"	Jump Line";107
103;"	Jump Line";109
103;"	Jump Line";99
104;"	Jump Line";96
104;"	Jump Line";100
98;"	Jump Line";95
98;"	Jump Line";97
98;"	Jump Line";95
98;"	Jump Line";97
105;"	Jump Line";109
105;"	Jump Line";108
105;"	Jump Line";107
105;"	Jump Line";306
95;"	Jump Line";303
131;"	Jump Line";124
131;"	Jump Line";130
131;"	Jump Line";132
131;"	Jump Line";127
132;"	Jump Line";129
132;"	Jump Line";133
132;"	Jump Line";125
125;"	Jump Line";133
125;"	Jump Line";123
125;"	Jump Line";134
127;"	Jump Line";126
127;"	Jump Line";123
123;"	Jump Line";128
134;"	Jump Line";135
133;"	Jump Line";176
133;"	Jump Line";174
134;"	Jump Line";166
134;"	Jump Line";179
135;"	Jump Line";172
135;"	Jump Line";149
123;"	Jump Line";145
127;"	Jump Line";138
145;"	Jump Line";141
145;"	Jump Line";149
145;"	Jump Line";143
149;"	Jump Line";137
149;"	Jump Line";148
136;"	Jump Line";137
136;"	Jump Line";147
147;"	Jump Line";146
147;"	Jump Line";146
147;"	Jump Line";139
147;"	Jump Line";142
144;"	Jump Line";143
144;"	Jump Line";139
144;"	Jump Line";182
140;"	Jump Line";157
139;"	Jump Line";164
136;"	Jump Line";164
149;"	Jump Line";162
182;"	Jump Line";192
188;"	Jump Line";182
188;"	Jump Line";189
188;"	Jump Line";190
188;"	Jump Line";185
194;"	Jump Line";193
194;"	Jump Line";186
194;"	Jump Line";187
183;"	Jump Line";195
183;"	Jump Line";184
185;"	Jump Line";186
185;"	Jump Line";223
186;"	Jump Line";223
186;"	Jump Line";187
187;"	Jump Line";219
201;"	Jump Line";191
201;"	Jump Line";195
201;"	Jump Line";187
196;"	Jump Line";191
198;"	Jump Line";196
198;"	Jump Line";201
198;"	Jump Line";200
198;"	Jump Line";197
198;"	Jump Line";203
201;"	Jump Line";203
200;"	Jump Line";197
200;"	Jump Line";204
199;"	Jump Line";202
204;"	Jump Line";203
204;"	Jump Line";202
204;"	Jump Line";207
204;"	Jump Line";211
214;"	Jump Line";219
214;"	Jump Line";211
214;"	Jump Line";215
214;"	Jump Line";208
214;"	Jump Line";206
211;"	Jump Line";212
211;"	Jump Line";207
211;"	Jump Line";213
215;"	Jump Line";213
215;"	Jump Line";209
215;"	Jump Line";208
210;"	Jump Line";209
218;"	Jump Line";206
218;"	Jump Line";217
218;"	Jump Line";208
220;"	Jump Line";219
220;"	Jump Line";206
220;"	Jump Line";216
220;"	Jump Line";205
220;"	Jump Line";226
220;"	Jump Line";222
226;"	Jump Line";225
226;"	Jump Line";227
226;"	Jump Line";221
222;"	Jump Line";228
222;"	Jump Line";231
222;"	Jump Line";232
232;"	Jump Line";231
232;"	Jump Line";230
232;"	Jump Line";224
230;"	Jump Line";231
230;"	Jump Line";229
224;"	Jump Line";227
224;"	Jump Line";223
157;"	Jump Line";223
159;"	Jump Line";221
159;"	Jump Line";229
161;"	Jump Line";221
153;"	Jump Line";229
161;"	Jump Line";163
150;"	Jump Line";159
150;"	Jump Line";152
151;"	Jump Line";164
151;"	Jump Line";162
151;"	Jump Line";161
157;"	Jump Line";162
157;"	Jump Line";164
160;"	Jump Line";162
160;"	Jump Line";158
158;"	Jump Line";156
158;"	Jump Line";155
161;"	Jump Line";156
155;"	Jump Line";156
155;"	Jump Line";154
166;"	Jump Line";162
172;"	Jump Line";160
173;"	Jump Line";158
173;"	Jump Line";172
173;"	Jump Line";169
166;"	Jump Line";174
166;"	Jump Line";168
166;"	Jump Line";175
176;"	Jump Line";177
176;"	Jump Line";175
180;"	Jump Line";177
180;"	Jump Line";175
180;"	Jump Line";165
178;"	Jump Line";175
178;"	Jump Line";169
178;"	Jump Line";170
178;"	Jump Line";167
178;"	Jump Line";165
168;"	Jump Line";167
170;"	Jump Line";171
169;"	Jump Line";181
169;"	Jump Line";359
175;"	Jump Line";349
160;"	Jump Line";359
163;"	Jump Line";379
230;"	Jump Line";434
230;"	Jump Line";426
205;"	Jump Line";425
205;"	Jump Line";438
205;"	Jump Line";444
208;"	Jump Line";451
233;"	Jump Line";443
233;"	Jump Line";454
490;"	Jump Line";449
491;"	Jump Line";490
491;"	Jump Line";492
493;"	Jump Line";492
493;"	Jump Line";494
495;"	Jump Line";494
495;"	Jump Line";498
497;"	Jump Line";498
497;"	Jump Line";496
507;"	Jump Line";496
507;"	Jump Line";508
509;"	Jump Line";508
509;"	Jump Line";510
511;"	Jump Line";510
511;"	Jump Line";512
500;"	Jump Line";512
500;"	Jump Line";501
502;"	Jump Line";501
502;"	Jump Line";503
502;"	Jump Line";504
505;"	Jump Line";504
505;"	Jump Line";506
499;"	Jump Line";506
513;"	Jump Line";503
513;"	Jump Line";514
515;"	Jump Line";514
515;"	Jump Line";728
798;"	Jump Line";810
798;"	Jump Line";807
798;"	Jump Line";808
798;"	Jump Line";809
798;"	Jump Line";804
798;"	Jump Line";797
798;"	Jump Line";803
798;"	Jump Line";802
798;"	Jump Line";799
798;"	Jump Line";805
798;"	Jump Line";796
798;"	Jump Line";791
799;"	Jump Line";796
799;"	Jump Line";791
799;"	Jump Line";805
799;"	Jump Line";800
799;"	Jump Line";802
799;"	Jump Line";803
799;"	Jump Line";797
799;"	Jump Line";804
799;"	Jump Line";809
799;"	Jump Line";613
800;"	Jump Line";801
782;"	Jump Line";800
782;"	Jump Line";801
782;"	Jump Line";791
807;"	Jump Line";808
807;"	Jump Line";760
810;"	Jump Line";810
810;"	Jump Line";806
764;"	Jump Line";811
764;"	Jump Line";765
764;"	Jump Line";768
764;"	Jump Line";772
765;"	Jump Line";762
765;"	Jump Line";766
760;"	Jump Line";766
760;"	Jump Line";770
760;"	Jump Line";774
760;"	Jump Line";773
768;"	Jump Line";766
768;"	Jump Line";770
768;"	Jump Line";763
769;"	Jump Line";763
769;"	Jump Line";774
769;"	Jump Line";771
769;"	Jump Line";632
769;"	Jump Line";630
761;"	Jump Line";629
774;"	Jump Line";630
774;"	Jump Line";761
774;"	Jump Line";773
774;"	Jump Line";646
773;"	Jump Line";766
773;"	Jump Line";761
773;"	Jump Line";775
775;"	Jump Line";771
775;"	Jump Line";767
767;"	Jump Line";772
796;"	Jump Line";767
796;"	Jump Line";760
796;"	Jump Line";762
796;"	Jump Line";805
796;"	Jump Line";795
796;"	Jump Line";793
796;"	Jump Line";777
796;"	Jump Line";791
796;"	Jump Line";790
796;"	Jump Line";789
796;"	Jump Line";776
796;"	Jump Line";781
796;"	Jump Line";783
796;"	Jump Line";792
796;"	Jump Line";779
796;"	Jump Line";787
796;"	Jump Line";610
796;"	Jump Line";616
796;"	Jump Line";700
796;"	Jump Line";706
796;"	Jump Line";695
792;"	Jump Line";783
792;"	Jump Line";773
795;"	Jump Line";762
795;"	Jump Line";793
777;"	Jump Line";793
777;"	Jump Line";776
781;"	Jump Line";776
781;"	Jump Line";790
789;"	Jump Line";790
789;"	Jump Line";788
788;"	Jump Line";786
788;"	Jump Line";787
785;"	Jump Line";786
785;"	Jump Line";779
785;"	Jump Line";784
794;"	Jump Line";779
794;"	Jump Line";784
794;"	Jump Line";778
794;"	Jump Line";775
780;"	Jump Line";779
780;"	Jump Line";796
778;"	Jump Line";796
443;"	Jump Line";608
443;"	Jump Line";451
443;"	Jump Line";448
444;"	Jump Line";451
444;"	Jump Line";440
444;"	Jump Line";442
444;"	Jump Line";446
445;"	Jump Line";446
447;"	Jump Line";446
447;"	Jump Line";456
441;"	Jump Line";454
441;"	Jump Line";453
448;"	Jump Line";457
441;"	Jump Line";449
439;"	Jump Line";450
439;"	Jump Line";466
439;"	Jump Line";485
439;"	Jump Line";438
439;"	Jump Line";422
439;"	Jump Line";423
439;"	Jump Line";424
439;"	Jump Line";386
439;"	Jump Line";355
450;"	Jump Line";466
439;"	Jump Line";441
457;"	Jump Line";456
461;"	Jump Line";462
452;"	Jump Line";458
457;"	Jump Line";462
452;"	Jump Line";462
452;"	Jump Line";465
452;"	Jump Line";453
453;"	Jump Line";456
453;"	Jump Line";465
453;"	Jump Line";455
463;"	Jump Line";454
463;"	Jump Line";464
455;"	Jump Line";459
460;"	Jump Line";465
460;"	Jump Line";721
465;"	Jump Line";728
465;"	Jump Line";722
475;"	Jump Line";463
475;"	Jump Line";464
486;"	Jump Line";455
485;"	Jump Line";464
374;"	Jump Line";423
374;"	Jump Line";439
374;"	Jump Line";437
377;"	Jump Line";430
377;"	Jump Line";368
425;"	Jump Line";438
426;"	Jump Line";425
426;"	Jump Line";422
426;"	Jump Line";435
426;"	Jump Line";436
426;"	Jump Line";437
426;"	Jump Line";428
434;"	Jump Line";428
434;"	Jump Line";374
430;"	Jump Line";428
430;"	Jump Line";432
436;"	Jump Line";431
436;"	Jump Line";423
437;"	Jump Line";429
437;"	Jump Line";427
437;"	Jump Line";471
421;"	Jump Line";433
421;"	Jump Line";423
421;"	Jump Line";437
481;"	Jump Line";433
482;"	Jump Line";433
482;"	Jump Line";481
469;"	Jump Line";485
469;"	Jump Line";433
469;"	Jump Line";471
471;"	Jump Line";482
471;"	Jump Line";477
482;"	Jump Line";386
386;"	Jump Line";424
397;"	Jump Line";470
384;"	Jump Line";470
387;"	Jump Line";472
385;"	Jump Line";476
393;"	Jump Line";473
470;"	Jump Line";471
470;"	Jump Line";468
470;"	Jump Line";473
471;"	Jump Line";376
474;"	Jump Line";469
474;"	Jump Line";488
474;"	Jump Line";470
474;"	Jump Line";473
474;"	Jump Line";489
474;"	Jump Line";480
485;"	Jump Line";478
475;"	Jump Line";487
475;"	Jump Line";486
480;"	Jump Line";486
480;"	Jump Line";479
483;"	Jump Line";489
483;"	Jump Line";479
473;"	Jump Line";467
473;"	Jump Line";479
472;"	Jump Line";476
467;"	Jump Line";476
467;"	Jump Line";479
432;"	Jump Line";437
713;"	Jump Line";467
713;"	Jump Line";484
711;"	Jump Line";480
711;"	Jump Line";486
726;"	Jump Line";722
726;"	Jump Line";727
725;"	Jump Line";723
725;"	Jump Line";726
725;"	Jump Line";727
725;"	Jump Line";728
725;"	Jump Line";724
728;"	Jump Line";721
728;"	Jump Line";711
728;"	Jump Line";717
729;"	Jump Line";714
729;"	Jump Line";730
736;"	Jump Line";725
736;"	Jump Line";727
739;"	Jump Line";736
739;"	Jump Line";740
739;"	Jump Line";743
730;"	Jump Line";735
730;"	Jump Line";757
743;"	Jump Line";757
732;"	Jump Line";747
732;"	Jump Line";753
732;"	Jump Line";743
732;"	Jump Line";733
733;"	Jump Line";734
733;"	Jump Line";731
733;"	Jump Line";742
733;"	Jump Line";741
731;"	Jump Line";734
731;"	Jump Line";738
737;"	Jump Line";738
392;"	Jump Line";712
757;"	Jump Line";753
757;"	Jump Line";752
757;"	Jump Line";748
757;"	Jump Line";717
748;"	Jump Line";718
748;"	Jump Line";719
748;"	Jump Line";749
748;"	Jump Line";750
758;"	Jump Line";754
747;"	Jump Line";753
747;"	Jump Line";746
746;"	Jump Line";745
746;"	Jump Line";752
756;"	Jump Line";751
756;"	Jump Line";755
756;"	Jump Line";754
756;"	Jump Line";759
759;"	Jump Line";758
750;"	Jump Line";744
750;"	Jump Line";752
711;"	Jump Line";714
711;"	Jump Line";719
711;"	Jump Line";715
713;"	Jump Line";713
713;"	Jump Line";715
713;"	Jump Line";712
710;"	Jump Line";712
710;"	Jump Line";716
710;"	Jump Line";720
710;"	Jump Line";719
661;"	Jump Line";712
656;"	Jump Line";712
656;"	Jump Line";710
656;"	Jump Line";758
684;"	Jump Line";750
674;"	Jump Line";750
677;"	Jump Line";759
677;"	Jump Line";754
349;"	Jump Line";357
349;"	Jump Line";360
349;"	Jump Line";365
349;"	Jump Line";358
360;"	Jump Line";350
365;"	Jump Line";354
365;"	Jump Line";414
365;"	Jump Line";302
352;"	Jump Line";315
352;"	Jump Line";358
352;"	Jump Line";353
352;"	Jump Line";414
364;"	Jump Line";359
364;"	Jump Line";356
364;"	Jump Line";363
361;"	Jump Line";359
361;"	Jump Line";354
361;"	Jump Line";351
361;"	Jump Line";369
361;"	Jump Line";367
361;"	Jump Line";372
361;"	Jump Line";370
361;"	Jump Line";389
361;"	Jump Line";395
379;"	Jump Line";369
379;"	Jump Line";374
379;"	Jump Line";373
373;"	Jump Line";369
373;"	Jump Line";370
379;"	Jump Line";371
379;"	Jump Line";399
379;"	Jump Line";655
374;"	Jump Line";367
374;"	Jump Line";366
374;"	Jump Line";403
373;"	Jump Line";395
373;"	Jump Line";383
373;"	Jump Line";389
372;"	Jump Line";378
372;"	Jump Line";370
372;"	Jump Line";354
372;"	Jump Line";353
370;"	Jump Line";353
370;"	Jump Line";359
370;"	Jump Line";351
370;"	Jump Line";363
370;"	Jump Line";414
370;"	Jump Line";383
376;"	Jump Line";378
376;"	Jump Line";366
376;"	Jump Line";389
376;"	Jump Line";397
374;"	Jump Line";386
371;"	Jump Line";386
371;"	Jump Line";398
371;"	Jump Line";375
371;"	Jump Line";366
371;"	Jump Line";672
380;"	Jump Line";363
380;"	Jump Line";375
381;"	Jump Line";398
381;"	Jump Line";386
366;"	Jump Line";363
366;"	Jump Line";390
366;"	Jump Line";393
354;"	Jump Line";363
354;"	Jump Line";395
354;"	Jump Line";411
353;"	Jump Line";351
353;"	Jump Line";410
353;"	Jump Line";411
353;"	Jump Line";641
351;"	Jump Line";411
351;"	Jump Line";399
362;"	Jump Line";355
362;"	Jump Line";363
362;"	Jump Line";403
362;"	Jump Line";412
362;"	Jump Line";410
362;"	Jump Line";312
362;"	Jump Line";311
363;"	Jump Line";411
411;"	Jump Line";410
411;"	Jump Line";409
411;"	Jump Line";414
411;"	Jump Line";406
411;"	Jump Line";403
411;"	Jump Line";398
411;"	Jump Line";395
411;"	Jump Line";396
411;"	Jump Line";418
411;"	Jump Line";309
410;"	Jump Line";412
410;"	Jump Line";409
410;"	Jump Line";414
389;"	Jump Line";395
389;"	Jump Line";386
389;"	Jump Line";398
398;"	Jump Line";414
398;"	Jump Line";408
398;"	Jump Line";395
383;"	Jump Line";391
383;"	Jump Line";414
397;"	Jump Line";393
397;"	Jump Line";385
397;"	Jump Line";659
385;"	Jump Line";659
385;"	Jump Line";661
392;"	Jump Line";657
396;"	Jump Line";658
382;"	Jump Line";653
390;"	Jump Line";653
408;"	Jump Line";639
408;"	Jump Line";653
405;"	Jump Line";653
402;"	Jump Line";643
405;"	Jump Line";643
420;"	Jump Line";643
420;"	Jump Line";647
419;"	Jump Line";647
403;"	Jump Line";643
401;"	Jump Line";596
415;"	Jump Line";316
412;"	Jump Line";327
388;"	Jump Line";393
388;"	Jump Line";387
388;"	Jump Line";399
399;"	Jump Line";391
399;"	Jump Line";394
399;"	Jump Line";385
394;"	Jump Line";382
394;"	Jump Line";390
394;"	Jump Line";396
390;"	Jump Line";403
396;"	Jump Line";405
395;"	Jump Line";418
390;"	Jump Line";393
399;"	Jump Line";413
408;"	Jump Line";405
408;"	Jump Line";402
420;"	Jump Line";408
402;"	Jump Line";405
402;"	Jump Line";403
418;"	Jump Line";407
418;"	Jump Line";417
417;"	Jump Line";413
417;"	Jump Line";419
416;"	Jump Line";413
416;"	Jump Line";420
416;"	Jump Line";404
404;"	Jump Line";415
401;"	Jump Line";419
401;"	Jump Line";400
401;"	Jump Line";403
406;"	Jump Line";412
406;"	Jump Line";400
412;"	Jump Line";420
647;"	Jump Line";588
645;"	Jump Line";588
647;"	Jump Line";597
645;"	Jump Line";586
638;"	Jump Line";596
689;"	Jump Line";614
687;"	Jump Line";586
706;"	Jump Line";616
700;"	Jump Line";606
700;"	Jump Line";605
700;"	Jump Line";602
705;"	Jump Line";609
705;"	Jump Line";614
701;"	Jump Line";602
686;"	Jump Line";602
699;"	Jump Line";602
695;"	Jump Line";606
695;"	Jump Line";706
695;"	Jump Line";691
696;"	Jump Line";700
696;"	Jump Line";705
696;"	Jump Line";694
696;"	Jump Line";699
696;"	Jump Line";690
690;"	Jump Line";702
690;"	Jump Line";692
690;"	Jump Line";688
690;"	Jump Line";675
690;"	Jump Line";673
691;"	Jump Line";673
691;"	Jump Line";686
692;"	Jump Line";686
692;"	Jump Line";699
692;"	Jump Line";704
692;"	Jump Line";703
708;"	Jump Line";705
708;"	Jump Line";693
693;"	Jump Line";687
693;"	Jump Line";697
693;"	Jump Line";638
693;"	Jump Line";640
707;"	Jump Line";701
707;"	Jump Line";697
707;"	Jump Line";703
697;"	Jump Line";701
703;"	Jump Line";709
703;"	Jump Line";698
84;"	Jump Line";697
84;"	Jump Line";688
84;"	Jump Line";679
84;"	Jump Line";655
688;"	Jump Line";671
689;"	Jump Line";648
648;"	Jump Line";597
640;"	Jump Line";686
651;"	Jump Line";698
636;"	Jump Line";680
646;"	Jump Line";671
646;"	Jump Line";660
646;"	Jump Line";662
653;"	Jump Line";658
653;"	Jump Line";662
641;"	Jump Line";655
641;"	Jump Line";645
641;"	Jump Line";640
641;"	Jump Line";651
645;"	Jump Line";638
645;"	Jump Line";640
652;"	Jump Line";643
652;"	Jump Line";643
653;"	Jump Line";647
653;"	Jump Line";642
639;"	Jump Line";640
639;"	Jump Line";637
637;"	Jump Line";641
637;"	Jump Line";649
637;"	Jump Line";636
646;"	Jump Line";648
651;"	Jump Line";640
651;"	Jump Line";650
677;"	Jump Line";685
677;"	Jump Line";673
677;"	Jump Line";678
677;"	Jump Line";674
678;"	Jump Line";672
674;"	Jump Line";676
674;"	Jump Line";679
674;"	Jump Line";656
674;"	Jump Line";669
684;"	Jump Line";683
684;"	Jump Line";676
679;"	Jump Line";681
679;"	Jump Line";673
680;"	Jump Line";682
680;"	Jump Line";671
669;"	Jump Line";671
669;"	Jump Line";667
669;"	Jump Line";662
669;"	Jump Line";661
669;"	Jump Line";656
660;"	Jump Line";663
660;"	Jump Line";666
660;"	Jump Line";658
667;"	Jump Line";662
667;"	Jump Line";671
664;"	Jump Line";666
664;"	Jump Line";665
661;"	Jump Line";655
661;"	Jump Line";666
659;"	Jump Line";662
659;"	Jump Line";658
670;"	Jump Line";658
670;"	Jump Line";654
668;"	Jump Line";654
625;"	Jump Line";552
621;"	Jump Line";551
578;"	Jump Line";538
578;"	Jump Line";532
579;"	Jump Line";331
587;"	Jump Line";344
587;"	Jump Line";324
599;"	Jump Line";324
599;"	Jump Line";319
261;"	Jump Line";527
261;"	Jump Line";538
274;"	Jump Line";538
557;"	Jump Line";563
557;"	Jump Line";558
558;"	Jump Line";562
558;"	Jump Line";559
558;"	Jump Line";561
560;"	Jump Line";561
560;"	Jump Line";564
560;"	Jump Line";555
564;"	Jump Line";555
540;"	Jump Line";555
540;"	Jump Line";554
540;"	Jump Line";548
548;"	Jump Line";547
548;"	Jump Line";553
543;"	Jump Line";551
543;"	Jump Line";546
543;"	Jump Line";550
543;"	Jump Line";545
543;"	Jump Line";548
556;"	Jump Line";554
556;"	Jump Line";549
556;"	Jump Line";544
542;"	Jump Line";544
542;"	Jump Line";541
542;"	Jump Line";539
542;"	Jump Line";549
518;"	Jump Line";521
518;"	Jump Line";516
518;"	Jump Line";517
519;"	Jump Line";520
519;"	Jump Line";516
519;"	Jump Line";517
525;"	Jump Line";517
525;"	Jump Line";554
530;"	Jump Line";539
530;"	Jump Line";552
530;"	Jump Line";523
525;"	Jump Line";526
525;"	Jump Line";528
528;"	Jump Line";526
528;"	Jump Line";533
528;"	Jump Line";534
531;"	Jump Line";533
531;"	Jump Line";534
531;"	Jump Line";529
524;"	Jump Line";535
524;"	Jump Line";534
524;"	Jump Line";522
529;"	Jump Line";537
529;"	Jump Line";527
529;"	Jump Line";536
527;"	Jump Line";536
527;"	Jump Line";537
527;"	Jump Line";535
579;"	Jump Line";573
579;"	Jump Line";578
579;"	Jump Line";575
579;"	Jump Line";577
577;"	Jump Line";572
577;"	Jump Line";576
576;"	Jump Line";590
566;"	Jump Line";571
566;"	Jump Line";581
566;"	Jump Line";574
574;"	Jump Line";565
574;"	Jump Line";568
574;"	Jump Line";581
583;"	Jump Line";568
583;"	Jump Line";567
583;"	Jump Line";622
581;"	Jump Line";622
581;"	Jump Line";608
581;"	Jump Line";618
581;"	Jump Line";569
582;"	Jump Line";580
582;"	Jump Line";591
591;"	Jump Line";587
591;"	Jump Line";599
591;"	Jump Line";585
591;"	Jump Line";595
591;"	Jump Line";618
591;"	Jump Line";615
587;"	Jump Line";601
587;"	Jump Line";614
587;"	Jump Line";585
587;"	Jump Line";569
592;"	Jump Line";571
592;"	Jump Line";593
592;"	Jump Line";599
599;"	Jump Line";589
599;"	Jump Line";588
599;"	Jump Line";596
599;"	Jump Line";597
597;"	Jump Line";596
597;"	Jump Line";614
596;"	Jump Line";612
596;"	Jump Line";585
594;"	Jump Line";590
594;"	Jump Line";586
585;"	Jump Line";612
595;"	Jump Line";603
595;"	Jump Line";602
595;"	Jump Line";598
608;"	Jump Line";584
608;"	Jump Line";612
608;"	Jump Line";602
608;"	Jump Line";603
608;"	Jump Line";601
608;"	Jump Line";618
602;"	Jump Line";612
602;"	Jump Line";601
602;"	Jump Line";603
602;"	Jump Line";610
603;"	Jump Line";601
603;"	Jump Line";607
605;"	Jump Line";606
605;"	Jump Line";607
609;"	Jump Line";606
609;"	Jump Line";614
609;"	Jump Line";617
609;"	Jump Line";604
609;"	Jump Line";611
617;"	Jump Line";601
606;"	Jump Line";616
606;"	Jump Line";611
606;"	Jump Line";601
611;"	Jump Line";616
611;"	Jump Line";613
600;"	Jump Line";604
600;"	Jump Line";613
600;"	Jump Line";601
601;"	Jump Line";615
601;"	Jump Line";620
601;"	Jump Line";626
601;"	Jump Line";619
601;"	Jump Line";630
620;"	Jump Line";615
620;"	Jump Line";570
620;"	Jump Line";618
630;"	Jump Line";613
635;"	Jump Line";613
635;"	Jump Line";630
629;"	Jump Line";630
629;"	Jump Line";631
629;"	Jump Line";622
629;"	Jump Line";623
626;"	Jump Line";634
626;"	Jump Line";621
626;"	Jump Line";629
633;"	Jump Line";628
633;"	Jump Line";632
621;"	Jump Line";627
621;"	Jump Line";632
622;"	Jump Line";625
622;"	Jump Line";624
622;"	Jump Line";621
294;"	Jump Line";243
343;"	Jump Line";268
345;"	Jump Line";265
316;"	Jump Line";325
316;"	Jump Line";328
316;"	Jump Line";319
316;"	Jump Line";327
319;"	Jump Line";317
319;"	Jump Line";322
322;"	Jump Line";324
322;"	Jump Line";323
324;"	Jump Line";320
324;"	Jump Line";321
324;"	Jump Line";329
326;"	Jump Line";321
326;"	Jump Line";318
321;"	Jump Line";318
321;"	Jump Line";327
321;"	Jump Line";330
321;"	Jump Line";329
311;"	Jump Line";327
311;"	Jump Line";330
311;"	Jump Line";312
315;"	Jump Line";327
315;"	Jump Line";311
312;"	Jump Line";329
312;"	Jump Line";341
312;"	Jump Line";286
312;"	Jump Line";291
344;"	Jump Line";300
344;"	Jump Line";330
344;"	Jump Line";323
300;"	Jump Line";312
300;"	Jump Line";309
309;"	Jump Line";321
306;"	Jump Line";315
306;"	Jump Line";304
301;"	Jump Line";304
301;"	Jump Line";315
307;"	Jump Line";306
307;"	Jump Line";308
303;"	Jump Line";314
303;"	Jump Line";304
303;"	Jump Line";285
304;"	Jump Line";313
310;"	Jump Line";304
310;"	Jump Line";305
310;"	Jump Line";289
310;"	Jump Line";285
310;"	Jump Line";297
285;"	Jump Line";287
285;"	Jump Line";290
285;"	Jump Line";296
285;"	Jump Line";299
285;"	Jump Line";297
294;"	Jump Line";292
294;"	Jump Line";293
294;"	Jump Line";290
290;"	Jump Line";295
298;"	Jump Line";290
298;"	Jump Line";297
298;"	Jump Line";299
297;"	Jump Line";288
297;"	Jump Line";299
299;"	Jump Line";339
299;"	Jump Line";341
299;"	Jump Line";348
286;"	Jump Line";338
286;"	Jump Line";343
295;"	Jump Line";343
286;"	Jump Line";298
286;"	Jump Line";295
343;"	Jump Line";337
343;"	Jump Line";338
343;"	Jump Line";333
343;"	Jump Line";333
333;"	Jump Line";338
333;"	Jump Line";335
333;"	Jump Line";348
333;"	Jump Line";340
333;"	Jump Line";331
341;"	Jump Line";339
341;"	Jump Line";348
344;"	Jump Line";348
332;"	Jump Line";344
332;"	Jump Line";346
332;"	Jump Line";342
332;"	Jump Line";336
332;"	Jump Line";340
331;"	Jump Line";340
331;"	Jump Line";334
331;"	Jump Line";347
331;"	Jump Line";345
347;"	Jump Line";345
261;"	Jump Line";277
261;"	Jump Line";266
266;"	Jump Line";277
263;"	Jump Line";274
263;"	Jump Line";275
263;"	Jump Line";267
263;"	Jump Line";259
267;"	Jump Line";265
267;"	Jump Line";264
267;"	Jump Line";269
267;"	Jump Line";270
267;"	Jump Line";255
268;"	Jump Line";247
270;"	Jump Line";259
270;"	Jump Line";272
270;"	Jump Line";273
270;"	Jump Line";276
260;"	Jump Line";266
260;"	Jump Line";262
260;"	Jump Line";258
260;"	Jump Line";283
260;"	Jump Line";278
260;"	Jump Line";279
283;"	Jump Line";258
283;"	Jump Line";281
283;"	Jump Line";278
278;"	Jump Line";284
278;"	Jump Line";282
278;"	Jump Line";279
279;"	Jump Line";282
271;"	Jump Line";276
271;"	Jump Line";280
273;"	Jump Line";246
255;"	Jump Line";243
255;"	Jump Line";257
255;"	Jump Line";254
253;"	Jump Line";248
293;"	Jump Line";250
253;"	Jump Line";250
244;"	Jump Line";250
244;"	Jump Line";242
244;"	Jump Line";253
251;"	Jump Line";255
251;"	Jump Line";256
251;"	Jump Line";252
252;"	Jump Line";249
252;"	Jump Line";254
254;"	Jump Line";245
234;"	Jump Line";254
234;"	Jump Line";246
241;"	Jump Line";254
234;"	Jump Line";280
235;"	Jump Line";280
235;"	Jump Line";240
235;"	Jump Line";234
236;"	Jump Line";241
236;"	Jump Line";234
236;"	Jump Line";237
237;"	Jump Line";238
237;"	Jump Line";239
806;"	Pulsar Jump Line";796
410;"	Pulsar Jump Line";373
312;"	Scylla Jump Line";410
